<?xml version="1.0" encoding="UTF-8"?>
<project-private xmlns="http://www.netbeans.org/ns/project-private/1">
    <editor-bookmarks xmlns="http://www.netbeans.org/ns/editor-bookmarks/2" lastBookmarkId="0"/>
    <open-files xmlns="http://www.netbeans.org/ns/projectui-open-files/2">
        <group>
            <file>file:/C:/Users/atimilson/Documents/NetBeansProjects/ProvaBibliotecaMVC/src/model/DAO/ClienteDAO.java</file>
            <file>file:/C:/Users/atimilson/Documents/NetBeansProjects/ProvaBibliotecaMVC/src/model/VO/UsuarioVO.java</file>
            <file>file:/C:/Users/atimilson/Documents/NetBeansProjects/ProvaBibliotecaMVC/src/model/DAO/UsuarioDAO.java</file>
            <file>file:/C:/Users/atimilson/Documents/NetBeansProjects/ProvaBibliotecaMVC/src/controller/ClienteController.java</file>
            <file>file:/C:/Users/atimilson/Documents/NetBeansProjects/ProvaBibliotecaMVC/src/model/DAO/FabricaConexao.java</file>
            <file>file:/C:/Users/atimilson/Documents/NetBeansProjects/ProvaBibliotecaMVC/src/model/DAO/LivroDAO.java</file>
            <file>file:/C:/Users/atimilson/Documents/NetBeansProjects/ProvaBibliotecaMVC/src/model/VO/LivroVO.java</file>
            <file>file:/C:/Users/atimilson/Documents/NetBeansProjects/ProvaBibliotecaMVC/src/model/VO/ClienteVO.java</file>
            <file>file:/C:/Users/atimilson/Documents/NetBeansProjects/ProvaBibliotecaMVC/src/views/teste.java</file>
            <file>file:/C:/Users/atimilson/Documents/NetBeansProjects/ProvaBibliotecaMVC/src/controller/LivroController.java</file>
            <file>file:/C:/Users/atimilson/Documents/NetBeansProjects/ProvaBibliotecaMVC/src/controller/UsuarioController.java</file>
        </group>
    </open-files>
</project-private>
